[[{"node":3,"time":6},{"node":0,"time":18},{"node":1,"time":34},{"node":0,"time":42},{"node":2,"time":50}],[{"node":0,"time":7},{"node":1,"time":18},{"node":0,"time":26},{"node":2,"time":33},{"node":0,"time":41},{"node":1,"time":49},{"node":0,"time":58}],[{"node":0,"time":0},{"node":1,"time":4},{"node":0,"time":10},{"node":2,"time":16},{"node":0,"time":23},{"node":1,"time":32},{"node":0,"time":50}],[{"node":0,"time":5},{"node":3,"time":10},{"node":0,"time":16},{"node":3,"time":24},{"node":0,"time":33}],[{"node":0,"time":2},{"node":3,"time":8},{"node":0,"time":18},{"node":2,"time":27},{"node":0,"time":38},{"node":3,"time":47},{"node":0,"time":56}],[{"node":1,"time":1},{"node":0,"time":4},{"node":2,"time":6},{"node":0,"time":9},{"node":1,"time":12},{"node":0,"time":16},{"node":1,"time":21},{"node":0,"time":33}],[{"node":2,"time":4},{"node":0,"time":8},{"node":2,"time":15},{"node":0,"time":24},{"node":3,"time":36},{"node":0,"time":44},{"node":1,"time":53}]]