[[{"node":3,"time":6},{"node":1,"time":7},{"node":2,"time":13},{"node":0,"time":22},{"node":0,"time":42},{"node":2,"time":51}],[{"node":0,"time":7},{"node":0,"time":18},{"node":1,"time":27},{"node":0,"time":36},{"node":3,"time":45},{"node":0,"time":55}],[{"node":0,"time":0},{"node":1,"time":9},{"node":3,"time":10},{"node":3,"time":11},{"node":0,"time":20},{"node":2,"time":29},{"node":0,"time":44},{"node":1,"time":53}],[{"node":0,"time":5},{"node":1,"time":14},{"node":0,"time":23},{"node":3,"time":32},{"node":2,"time":37},{"node":0,"time":46},{"node":0,"time":55},{"node":0,"time":57}],[{"node":0,"time":2},{"node":1,"time":12},{"node":2,"time":13},{"node":2,"time":19},{"node":0,"time":28},{"node":2,"time":39},{"node":0,"time":48},{"node":2,"time":57}],[{"node":1,"time":1},{"node":0,"time":10},{"node":0,"time":16},{"node":1,"time":25},{"node":0,"time":34},{"node":1,"time":43},{"node":0,"time":52}],[{"node":2,"time":4},{"node":0,"time":13},{"node":0,"time":16},{"node":1,"time":25},{"node":0,"time":34},{"node":1,"time":44},{"node":0,"time":53}]]