[[{"node":3,"time":6},{"node":0,"time":16},{"node":1,"time":25},{"node":0,"time":38},{"node":1,"time":48}],[{"node":0,"time":7},{"node":3,"time":16},{"node":0,"time":39},{"node":0,"time":51}],[{"node":0,"time":0},{"node":1,"time":9},{"node":0,"time":18},{"node":2,"time":27},{"node":0,"time":36},{"node":1,"time":49},{"node":0,"time":59}],[{"node":0,"time":5},{"node":1,"time":17},{"node":0,"time":29},{"node":2,"time":42},{"node":0,"time":51}],[{"node":0,"time":2},{"node":2,"time":11},{"node":0,"time":31}],[{"node":1,"time":1},{"node":0,"time":10},{"node":1,"time":19},{"node":0,"time":28},{"node":2,"time":39},{"node":0,"time":53}],[{"node":2,"time":4},{"node":0,"time":13},{"node":0,"time":14},{"node":3,"time":23},{"node":0,"time":32},{"node":3,"time":41},{"node":0,"time":50}]]