[[{"node":3,"time":6},{"node":3,"time":16},{"node":1,"time":17},{"node":0,"time":26},{"node":0,"time":32},{"node":2,"time":41},{"node":0,"time":50},{"node":2,"time":59}],[{"node":0,"time":7},{"node":3,"time":18},{"node":2,"time":19},{"node":0,"time":28},{"node":0,"time":29},{"node":1,"time":38},{"node":0,"time":47},{"node":1,"time":56}],[{"node":0,"time":0},{"node":1,"time":9},{"node":0,"time":18},{"node":0,"time":24},{"node":3,"time":33},{"node":0,"time":42},{"node":3,"time":51}],[{"node":0,"time":5},{"node":1,"time":15},{"node":0,"time":29},{"node":2,"time":38},{"node":0,"time":52}],[{"node":0,"time":2},{"node":3,"time":12},{"node":0,"time":22},{"node":3,"time":35},{"node":1,"time":37},{"node":0,"time":46},{"node":1,"time":55},{"node":2,"time":57}],[{"node":1,"time":1},{"node":2,"time":2},{"node":0,"time":19},{"node":2,"time":28},{"node":0,"time":37},{"node":2,"time":46},{"node":1,"time":50}],[{"node":2,"time":4},{"node":0,"time":13},{"node":1,"time":24},{"node":0,"time":33},{"node":1,"time":42},{"node":0,"time":57}]]