[[{"node":3,"time":6},{"node":1,"time":14},{"node":0,"time":23},{"node":1,"time":32},{"node":0,"time":41}],[{"node":0,"time":7},{"node":3,"time":16},{"node":0,"time":25},{"node":2,"time":34},{"node":0,"time":43},{"node":0,"time":44},{"node":2,"time":53}],[{"node":0,"time":0},{"node":1,"time":9},{"node":2,"time":10},{"node":3,"time":21},{"node":0,"time":31},{"node":3,"time":40},{"node":2,"time":43}],[{"node":0,"time":5},{"node":1,"time":15},{"node":3,"time":22},{"node":0,"time":32},{"node":1,"time":42}],[{"node":0,"time":2},{"node":2,"time":11},{"node":0,"time":20},{"node":2,"time":29},{"node":0,"time":38},{"node":3,"time":57}],[{"node":1,"time":1},{"node":0,"time":11},{"node":3,"time":20},{"node":0,"time":29},{"node":1,"time":41},{"node":0,"time":50}],[{"node":2,"time":4},{"node":0,"time":13},{"node":1,"time":22},{"node":0,"time":36},{"node":2,"time":48}]]