[[{"node":3,"time":6},{"node":1,"time":14},{"node":0,"time":23}],[{"node":0,"time":7},{"node":3,"time":16},{"node":0,"time":25},{"node":2,"time":34},{"node":0,"time":43},{"node":1,"time":52}],[{"node":0,"time":0},{"node":1,"time":11},{"node":0,"time":20},{"node":1,"time":30},{"node":0,"time":39},{"node":2,"time":51}],[{"node":0,"time":5},{"node":2,"time":14},{"node":0,"time":23},{"node":2,"time":37},{"node":0,"time":46}],[{"node":0,"time":2},{"node":3,"time":12},{"node":1,"time":13},{"node":2,"time":15},{"node":2,"time":19},{"node":0,"time":28},{"node":3,"time":37},{"node":0,"time":46}],[{"node":1,"time":1},{"node":0,"time":11},{"node":0,"time":18},{"node":1,"time":27},{"node":0,"time":36},{"node":1,"time":45},{"node":0,"time":54}],[{"node":2,"time":4},{"node":3,"time":5},{"node":2,"time":16},{"node":0,"time":25},{"node":3,"time":34}]]