[[{"node":3,"time":6},{"node":1,"time":24},{"node":0,"time":33},{"node":1,"time":42},{"node":0,"time":51}],[{"node":0,"time":7},{"node":2,"time":16},{"node":0,"time":25},{"node":1,"time":34},{"node":0,"time":43},{"node":2,"time":52}],[{"node":0,"time":0},{"node":3,"time":9},{"node":1,"time":10},{"node":0,"time":19},{"node":2,"time":28},{"node":0,"time":37},{"node":3,"time":46},{"node":0,"time":57}],[{"node":0,"time":5},{"node":0,"time":17},{"node":3,"time":26},{"node":3,"time":28},{"node":0,"time":37},{"node":0,"time":38},{"node":2,"time":47}],[{"node":0,"time":2},{"node":2,"time":12},{"node":3,"time":16},{"node":0,"time":26},{"node":2,"time":36},{"node":0,"time":45},{"node":1,"time":54}],[{"node":1,"time":1},{"node":0,"time":10},{"node":0,"time":14},{"node":1,"time":23},{"node":0,"time":41},{"node":3,"time":50},{"node":1,"time":51}],[{"node":2,"time":4},{"node":0,"time":13},{"node":1,"time":22},{"node":0,"time":31},{"node":1,"time":40},{"node":3,"time":41},{"node":2,"time":43},{"node":0,"time":54}]]