[[{"node":3,"time":6},{"node":0,"time":18},{"node":1,"time":34},{"node":0,"time":42},{"node":2,"time":50}],[{"node":0,"time":7},{"node":2,"time":16},{"node":0,"time":25},{"node":1,"time":41}],[{"node":0,"time":0},{"node":1,"time":4},{"node":0,"time":10},{"node":2,"time":16},{"node":0,"time":23},{"node":1,"time":32},{"node":0,"time":50}],[{"node":0,"time":5},{"node":3,"time":10},{"node":0,"time":16},{"node":3,"time":24},{"node":0,"time":33}],[{"node":0,"time":2},{"node":1,"time":6},{"node":0,"time":12},{"node":2,"time":19},{"node":0,"time":27},{"node":1,"time":36},{"node":0,"time":46}],[{"node":1,"time":1},{"node":0,"time":5},{"node":0,"time":6},{"node":2,"time":13},{"node":0,"time":20},{"node":3,"time":27},{"node":0,"time":36},{"node":3,"time":43},{"node":0,"time":51}],[{"node":2,"time":4},{"node":0,"time":8},{"node":2,"time":15},{"node":0,"time":27},{"node":1,"time":50}]]