[[{"node":3,"time":6},{"node":0,"time":15},{"node":2,"time":24},{"node":0,"time":33},{"node":2,"time":42},{"node":0,"time":51}],[{"node":0,"time":7},{"node":3,"time":13},{"node":0,"time":19},{"node":2,"time":25},{"node":0,"time":32},{"node":1,"time":41},{"node":0,"time":50}],[{"node":0,"time":0},{"node":3,"time":6},{"node":0,"time":13},{"node":3,"time":20},{"node":0,"time":27},{"node":1,"time":46}],[{"node":0,"time":5},{"node":2,"time":11},{"node":0,"time":18},{"node":3,"time":25},{"node":0,"time":32},{"node":3,"time":39},{"node":0,"time":47}],[{"node":0,"time":2},{"node":1,"time":11},{"node":3,"time":14},{"node":0,"time":28},{"node":0,"time":29},{"node":1,"time":38},{"node":0,"time":47}],[{"node":1,"time":1},{"node":0,"time":6},{"node":3,"time":11},{"node":0,"time":18},{"node":1,"time":30},{"node":0,"time":39}],[{"node":2,"time":4},{"node":0,"time":13},{"node":2,"time":24},{"node":0,"time":33},{"node":1,"time":45}]]