[[{"node":3,"time":6},{"node":0,"time":15},{"node":1,"time":24},{"node":0,"time":33},{"node":1,"time":42},{"node":0,"time":51}],[{"node":0,"time":7},{"node":2,"time":16},{"node":0,"time":25},{"node":3,"time":34},{"node":0,"time":43},{"node":1,"time":52}],[{"node":0,"time":0},{"node":3,"time":9},{"node":0,"time":18},{"node":2,"time":27},{"node":0,"time":36},{"node":2,"time":46}],[{"node":0,"time":5},{"node":2,"time":14},{"node":0,"time":23},{"node":1,"time":32},{"node":3,"time":37},{"node":0,"time":46},{"node":0,"time":59}],[{"node":0,"time":2},{"node":1,"time":11},{"node":1,"time":15},{"node":2,"time":20},{"node":0,"time":31},{"node":3,"time":44}],[{"node":1,"time":1},{"node":0,"time":10},{"node":1,"time":19},{"node":0,"time":28},{"node":2,"time":37},{"node":0,"time":46},{"node":1,"time":57}],[{"node":2,"time":4},{"node":0,"time":13},{"node":3,"time":22},{"node":0,"time":31},{"node":1,"time":40},{"node":0,"time":49}]]