[[{"node":3,"time":6},{"node":0,"time":15},{"node":2,"time":24},{"node":0,"time":33},{"node":3,"time":42},{"node":2,"time":43},{"node":0,"time":52}],[{"node":0,"time":7},{"node":2,"time":16},{"node":0,"time":25},{"node":1,"time":34},{"node":0,"time":43},{"node":2,"time":52}],[{"node":0,"time":0},{"node":3,"time":9},{"node":1,"time":10},{"node":0,"time":19},{"node":3,"time":28},{"node":0,"time":37},{"node":2,"time":46},{"node":3,"time":47},{"node":0,"time":57}],[{"node":0,"time":5},{"node":0,"time":19},{"node":0,"time":35},{"node":0,"time":38},{"node":1,"time":48}],[{"node":0,"time":2},{"node":2,"time":12},{"node":3,"time":16},{"node":1,"time":17},{"node":0,"time":27},{"node":2,"time":36},{"node":0,"time":46},{"node":1,"time":55}],[{"node":1,"time":1},{"node":0,"time":12},{"node":1,"time":21},{"node":1,"time":26},{"node":3,"time":27},{"node":0,"time":39},{"node":3,"time":48}],[{"node":2,"time":4},{"node":0,"time":13},{"node":1,"time":22},{"node":0,"time":31},{"node":1,"time":40},{"node":0,"time":49}]]