[[{"node":3,"time":6},{"node":0,"time":25},{"node":2,"time":36},{"node":0,"time":45},{"node":3,"time":54}],[{"node":0,"time":7},{"node":1,"time":19},{"node":0,"time":34},{"node":3,"time":45},{"node":0,"time":55},{"node":0,"time":58}],[{"node":0,"time":0},{"node":3,"time":10},{"node":0,"time":20},{"node":2,"time":30},{"node":0,"time":39},{"node":1,"time":51}],[{"node":0,"time":5},{"node":2,"time":14},{"node":0,"time":24},{"node":3,"time":33},{"node":0,"time":43},{"node":2,"time":53},{"node":2,"time":54}],[{"node":0,"time":2},{"node":1,"time":12},{"node":0,"time":21},{"node":0,"time":22},{"node":1,"time":31},{"node":1,"time":39},{"node":0,"time":48},{"node":2,"time":57}],[{"node":1,"time":1},{"node":0,"time":11},{"node":3,"time":20},{"node":2,"time":21},{"node":0,"time":30},{"node":1,"time":40},{"node":0,"time":50},{"node":1,"time":59}],[{"node":2,"time":4},{"node":0,"time":13},{"node":1,"time":28},{"node":0,"time":37},{"node":2,"time":46}]]