[[{"node":3,"time":6},{"node":0,"time":15},{"node":3,"time":24},{"node":0,"time":35},{"node":1,"time":44}],[{"node":0,"time":7},{"node":0,"time":18},{"node":1,"time":27},{"node":0,"time":36},{"node":3,"time":45}],[{"node":0,"time":0},{"node":1,"time":9},{"node":3,"time":10},{"node":3,"time":11},{"node":0,"time":20},{"node":2,"time":29},{"node":0,"time":55}],[{"node":0,"time":5},{"node":1,"time":12},{"node":0,"time":21},{"node":3,"time":30},{"node":0,"time":39},{"node":2,"time":48},{"node":0,"time":57}],[{"node":0,"time":2},{"node":2,"time":8},{"node":0,"time":14},{"node":2,"time":21},{"node":0,"time":30},{"node":2,"time":39},{"node":0,"time":48}],[{"node":1,"time":1},{"node":0,"time":5},{"node":3,"time":9},{"node":0,"time":13},{"node":2,"time":22},{"node":0,"time":33},{"node":1,"time":40},{"node":0,"time":48}],[{"node":2,"time":4},{"node":0,"time":13},{"node":0,"time":16},{"node":1,"time":25},{"node":0,"time":34},{"node":1,"time":55}]]