[[{"node":3,"time":6},{"node":0,"time":15},{"node":1,"time":24},{"node":0,"time":35},{"node":2,"time":47}],[{"node":0,"time":7},{"node":3,"time":16},{"node":0,"time":25},{"node":2,"time":34},{"node":0,"time":43},{"node":1,"time":52}],[{"node":0,"time":0},{"node":1,"time":9},{"node":0,"time":18},{"node":1,"time":27},{"node":0,"time":36}],[{"node":0,"time":5},{"node":1,"time":14},{"node":3,"time":23},{"node":0,"time":41},{"node":0,"time":56}],[{"node":0,"time":2},{"node":2,"time":13},{"node":0,"time":24},{"node":1,"time":33},{"node":0,"time":42}],[{"node":1,"time":1},{"node":3,"time":2},{"node":0,"time":11},{"node":2,"time":20},{"node":0,"time":29},{"node":3,"time":38},{"node":0,"time":47}],[{"node":2,"time":4},{"node":0,"time":13},{"node":0,"time":14},{"node":2,"time":23},{"node":0,"time":32},{"node":1,"time":41},{"node":0,"time":50},{"node":1,"time":59}]]