[[{"node":3,"time":6},{"node":0,"time":23},{"node":2,"time":36},{"node":0,"time":45},{"node":3,"time":54},{"node":2,"time":56}],[{"node":0,"time":7},{"node":1,"time":27},{"node":0,"time":36},{"node":3,"time":45},{"node":0,"time":55},{"node":0,"time":58}],[{"node":0,"time":0},{"node":1,"time":9},{"node":3,"time":10},{"node":3,"time":11},{"node":0,"time":20},{"node":2,"time":30},{"node":2,"time":32},{"node":1,"time":35},{"node":0,"time":44},{"node":1,"time":53}],[{"node":0,"time":5},{"node":1,"time":14},{"node":0,"time":24},{"node":3,"time":33},{"node":2,"time":34},{"node":0,"time":43},{"node":2,"time":52}],[{"node":0,"time":2},{"node":1,"time":12},{"node":2,"time":13},{"node":0,"time":28},{"node":1,"time":38},{"node":1,"time":39},{"node":0,"time":48},{"node":2,"time":57}],[{"node":1,"time":1},{"node":0,"time":11},{"node":3,"time":20},{"node":2,"time":24},{"node":0,"time":33},{"node":1,"time":43},{"node":0,"time":52}],[{"node":2,"time":4},{"node":0,"time":13},{"node":1,"time":25},{"node":3,"time":28},{"node":0,"time":37},{"node":2,"time":46},{"node":0,"time":57}]]