[[{"node":3,"time":6},{"node":1,"time":7},{"node":0,"time":16},{"node":2,"time":25},{"node":1,"time":26},{"node":0,"time":42},{"node":1,"time":52}],[{"node":0,"time":7},{"node":3,"time":16},{"node":0,"time":25},{"node":2,"time":34},{"node":0,"time":43},{"node":1,"time":57}],[{"node":0,"time":0},{"node":2,"time":9},{"node":0,"time":18},{"node":3,"time":27},{"node":0,"time":36},{"node":2,"time":45}],[{"node":0,"time":5},{"node":1,"time":14},{"node":0,"time":23},{"node":1,"time":32},{"node":0,"time":41},{"node":1,"time":50},{"node":2,"time":55}],[{"node":0,"time":2},{"node":2,"time":17},{"node":3,"time":18},{"node":3,"time":29},{"node":0,"time":38},{"node":3,"time":47},{"node":0,"time":56}],[{"node":1,"time":1},{"node":0,"time":11},{"node":1,"time":20},{"node":0,"time":30},{"node":1,"time":39},{"node":0,"time":48},{"node":0,"time":50},{"node":3,"time":59}],[{"node":2,"time":4},{"node":0,"time":31},{"node":3,"time":40},{"node":1,"time":41},{"node":1,"time":42},{"node":0,"time":51}]]