[[{"node":3,"time":6},{"node":0,"time":14},{"node":1,"time":23},{"node":0,"time":32},{"node":1,"time":41}],[{"node":0,"time":7},{"node":2,"time":15},{"node":0,"time":24},{"node":1,"time":33},{"node":0,"time":42},{"node":2,"time":51}],[{"node":0,"time":0},{"node":1,"time":12},{"node":0,"time":20},{"node":2,"time":28},{"node":0,"time":37},{"node":3,"time":48},{"node":0,"time":57}],[{"node":0,"time":5},{"node":2,"time":11},{"node":0,"time":18},{"node":3,"time":25},{"node":0,"time":32},{"node":0,"time":38},{"node":2,"time":54}],[{"node":0,"time":2},{"node":1,"time":6},{"node":3,"time":16},{"node":0,"time":26},{"node":2,"time":36},{"node":0,"time":52}],[{"node":1,"time":1},{"node":0,"time":4},{"node":3,"time":7},{"node":0,"time":11},{"node":1,"time":22}],[{"node":2,"time":4},{"node":0,"time":11},{"node":1,"time":22},{"node":0,"time":31},{"node":1,"time":40},{"node":0,"time":49}]]