[[{"node":3,"time":6},{"node":1,"time":7},{"node":0,"time":16},{"node":2,"time":25},{"node":1,"time":27},{"node":0,"time":36},{"node":0,"time":41},{"node":2,"time":50},{"node":0,"time":59}],[{"node":0,"time":7},{"node":3,"time":16},{"node":1,"time":18},{"node":0,"time":27},{"node":1,"time":39}],[{"node":0,"time":0},{"node":2,"time":9},{"node":0,"time":19},{"node":1,"time":28},{"node":1,"time":31},{"node":0,"time":40},{"node":0,"time":44},{"node":2,"time":53},{"node":3,"time":55}],[{"node":0,"time":5},{"node":3,"time":15},{"node":0,"time":25},{"node":3,"time":34},{"node":0,"time":44},{"node":1,"time":55}],[{"node":0,"time":2},{"node":1,"time":11},{"node":0,"time":21},{"node":3,"time":30},{"node":0,"time":39},{"node":1,"time":48},{"node":0,"time":57}],[{"node":1,"time":1},{"node":2,"time":4},{"node":0,"time":15},{"node":2,"time":24},{"node":0,"time":33},{"node":3,"time":42},{"node":2,"time":43},{"node":0,"time":52}],[{"node":2,"time":4},{"node":0,"time":13},{"node":2,"time":24},{"node":0,"time":34},{"node":3,"time":43},{"node":0,"time":54}]]