[[{"node":3,"time":6},{"node":0,"time":15},{"node":1,"time":24},{"node":0,"time":33},{"node":1,"time":48},{"node":0,"time":57}],[{"node":0,"time":7},{"node":1,"time":16},{"node":0,"time":31},{"node":3,"time":40},{"node":0,"time":50}],[{"node":0,"time":0},{"node":3,"time":9},{"node":0,"time":18},{"node":1,"time":27}],[{"node":0,"time":5},{"node":2,"time":14},{"node":0,"time":23},{"node":2,"time":32},{"node":0,"time":41},{"node":2,"time":50},{"node":0,"time":59}],[{"node":0,"time":2},{"node":2,"time":12},{"node":0,"time":29},{"node":2,"time":40},{"node":0,"time":49},{"node":2,"time":58}],[{"node":1,"time":1},{"node":0,"time":10},{"node":3,"time":19},{"node":0,"time":28},{"node":3,"time":37},{"node":0,"time":46}],[{"node":2,"time":4},{"node":1,"time":5},{"node":0,"time":16},{"node":1,"time":25},{"node":0,"time":36},{"node":1,"time":45},{"node":0,"time":55}]]