[[{"node":3,"time":6},{"node":0,"time":16},{"node":0,"time":18},{"node":3,"time":29},{"node":1,"time":30},{"node":3,"time":35},{"node":0,"time":47},{"node":3,"time":56}],[{"node":0,"time":7},{"node":1,"time":18},{"node":2,"time":20},{"node":0,"time":29},{"node":0,"time":32},{"node":1,"time":41},{"node":0,"time":51}],[{"node":0,"time":0},{"node":3,"time":9},{"node":0,"time":31},{"node":2,"time":40},{"node":0,"time":49},{"node":2,"time":58}],[{"node":0,"time":5},{"node":2,"time":14},{"node":0,"time":23},{"node":1,"time":32},{"node":0,"time":41},{"node":1,"time":50}],[{"node":0,"time":2},{"node":1,"time":11},{"node":0,"time":20},{"node":2,"time":29},{"node":0,"time":38},{"node":3,"time":47},{"node":0,"time":56}],[{"node":1,"time":1},{"node":2,"time":5},{"node":3,"time":7},{"node":0,"time":23},{"node":3,"time":32},{"node":0,"time":42},{"node":2,"time":51},{"node":2,"time":52}],[{"node":2,"time":4},{"node":0,"time":13},{"node":1,"time":22},{"node":0,"time":31},{"node":3,"time":43},{"node":2,"time":44},{"node":1,"time":45},{"node":1,"time":50}]]