[[{"node":3,"time":6},{"node":0,"time":14},{"node":1,"time":23},{"node":0,"time":32},{"node":1,"time":41},{"node":0,"time":53}],[{"node":0,"time":7},{"node":2,"time":14},{"node":0,"time":23},{"node":3,"time":33},{"node":0,"time":41},{"node":2,"time":50},{"node":0,"time":59}],[{"node":0,"time":0},{"node":1,"time":5},{"node":0,"time":11},{"node":2,"time":20},{"node":0,"time":29}],[{"node":0,"time":5},{"node":3,"time":14},{"node":0,"time":32},{"node":3,"time":42}],[{"node":0,"time":2},{"node":3,"time":7},{"node":0,"time":12},{"node":1,"time":18},{"node":0,"time":41},{"node":1,"time":50},{"node":0,"time":59}],[{"node":1,"time":1},{"node":0,"time":8},{"node":1,"time":17},{"node":0,"time":30},{"node":2,"time":39},{"node":0,"time":48},{"node":1,"time":57}],[{"node":2,"time":4},{"node":0,"time":12},{"node":2,"time":20},{"node":0,"time":29},{"node":2,"time":38}]]