[[{"node":3,"time":6},{"node":0,"time":15},{"node":1,"time":24},{"node":0,"time":33},{"node":1,"time":42},{"node":0,"time":51}],[{"node":0,"time":7},{"node":1,"time":16},{"node":0,"time":25},{"node":3,"time":34},{"node":0,"time":55}],[{"node":0,"time":0},{"node":3,"time":9},{"node":0,"time":35},{"node":3,"time":51}],[{"node":0,"time":5},{"node":2,"time":14},{"node":0,"time":23},{"node":1,"time":32},{"node":0,"time":44},{"node":0,"time":47}],[{"node":0,"time":2},{"node":1,"time":11},{"node":0,"time":20},{"node":2,"time":29},{"node":0,"time":38},{"node":2,"time":50}],[{"node":1,"time":1},{"node":0,"time":11},{"node":2,"time":20},{"node":0,"time":29},{"node":2,"time":38},{"node":0,"time":47},{"node":1,"time":57}],[{"node":2,"time":4},{"node":0,"time":14},{"node":3,"time":25},{"node":0,"time":42},{"node":1,"time":51}]]