[[{"node":3,"time":6},{"node":0,"time":18},{"node":3,"time":27},{"node":2,"time":28},{"node":0,"time":37},{"node":1,"time":57}],[{"node":0,"time":7},{"node":1,"time":20},{"node":2,"time":21},{"node":0,"time":30},{"node":1,"time":39},{"node":0,"time":48},{"node":0,"time":58}],[{"node":0,"time":0},{"node":1,"time":11},{"node":0,"time":20},{"node":1,"time":29},{"node":0,"time":40},{"node":2,"time":49}],[{"node":0,"time":5},{"node":0,"time":14},{"node":1,"time":27},{"node":0,"time":36},{"node":1,"time":45}],[{"node":0,"time":2},{"node":2,"time":11},{"node":3,"time":16},{"node":0,"time":27},{"node":2,"time":36},{"node":0,"time":46},{"node":3,"time":55}],[{"node":1,"time":1},{"node":0,"time":11},{"node":3,"time":20},{"node":0,"time":30},{"node":3,"time":39},{"node":0,"time":49},{"node":1,"time":58}],[{"node":2,"time":4},{"node":0,"time":13},{"node":2,"time":22},{"node":0,"time":31},{"node":2,"time":41},{"node":3,"time":43},{"node":0,"time":52},{"node":0,"time":58}]]