[[{"node":3,"time":6},{"node":0,"time":14},{"node":0,"time":19},{"node":0,"time":28},{"node":1,"time":37},{"node":0,"time":46},{"node":2,"time":55}],[{"node":0,"time":7},{"node":2,"time":16},{"node":0,"time":25},{"node":1,"time":41}],[{"node":0,"time":0},{"node":1,"time":8},{"node":3,"time":9},{"node":0,"time":18},{"node":0,"time":31},{"node":2,"time":40},{"node":0,"time":49},{"node":2,"time":58}],[{"node":0,"time":5},{"node":2,"time":9},{"node":0,"time":14},{"node":1,"time":23},{"node":0,"time":32},{"node":3,"time":41},{"node":0,"time":50}],[{"node":0,"time":2},{"node":3,"time":11},{"node":0,"time":20},{"node":2,"time":29},{"node":0,"time":38},{"node":3,"time":47},{"node":0,"time":56}],[{"node":1,"time":1},{"node":0,"time":5},{"node":0,"time":6},{"node":2,"time":14},{"node":0,"time":21},{"node":3,"time":29},{"node":0,"time":37},{"node":3,"time":45},{"node":0,"time":54}],[{"node":2,"time":4},{"node":0,"time":11},{"node":1,"time":20},{"node":0,"time":29},{"node":1,"time":50}]]